日付S,場 R,馬番,馬名S,馬ID,性別,斤量,騎手,調教師,馬体重,馬体重増減,芝ダ,距離,クラス
2026.1.31,東1,1,ニシノゲッパク,,牝,55.0,松岡,美浦伊藤伸,460,-12,ダ,1400,３歳未勝利
2026.1.31,東1,2,マカイゾウ,,牝,55.0,横山武,美浦竹内,474,0,ダ,1400,３歳未勝利
2026.1.31,東1,3,ドルマバフチェ,,牝,55.0,ルメール,美浦千葉,422,4,ダ,1400,３歳未勝利
2026.1.31,東1,4,ギンケイ,,牝,55.0,菅原明,美浦中川,458,0,ダ,1400,３歳未勝利
2026.1.31,東1,5,アンチェーン,,牝,55.0,三浦,美浦嘉藤,520,2,ダ,1400,３歳未勝利
2026.1.31,東1,6,アイアンロッキー,,牝,52.0,▲佐藤,美浦本間,448,0,ダ,1400,３歳未勝利
2026.1.31,東1,7,アルマサーガ,,牝,52.0,▲上里,美浦中舘,394,4,ダ,1400,３歳未勝利
2026.1.31,東1,8,メビウスロマンス,,牝,55.0,戸崎圭,美浦矢嶋,460,-4,ダ,1400,３歳未勝利
2026.1.31,東1,9,ヨルヴィック,,牝,55.0,キング,美浦稲垣,452,-8,ダ,1400,３歳未勝利
2026.1.31,東1,10,クアロアランチ,,牝,55.0,ハマーハン,美浦西田,448,-4,ダ,1400,３歳未勝利
2026.1.31,東1,11,ジェイドテソーロ,,牝,55.0,柴田大,美浦千葉,436,12,ダ,1400,３歳未勝利
2026.1.31,東1,12,ラヴィングリー,,牝,55.0,佐々木,美浦池上,456,22,ダ,1400,３歳未勝利
2026.1.31,東1,13,アサクサダイアナ,,牝,55.0,岩田康,美浦田島,448,10,ダ,1400,３歳未勝利
2026.1.31,東1,14,クラックアスマイル,,牝,53.0,△長浜,美浦田島,416,0,ダ,1400,３歳未勝利
2026.1.31,東1,15,レースクイーン,,牝,55.0,江田照,美浦蛯名利,420,10,ダ,1400,３歳未勝利
2026.1.31,東1,16,オルナータス,,牝,55.0,原田和,美浦上原博,496,0,ダ,1400,３歳未勝利
2026.1.31,東2,1,アリステア,,牡,57.0,岩田康,美浦斎藤誠,488,-4,ダ,2100,４歳以上１勝クラス
2026.1.31,東2,2,ヴェラグエリエロ,,牡,56.0,△長浜,美浦辻,464,12,ダ,2100,４歳以上１勝クラス
2026.1.31,東2,3,ディズレーリ,,セ,58.0,佐々木,美浦池上,524,12,ダ,2100,４歳以上１勝クラス
2026.1.31,東2,4,ロードインフェルノ,,牡,58.0,田辺,美浦尾形,496,8,ダ,2100,４歳以上１勝クラス
2026.1.31,東2,5,スマートクオーレ,,牡,57.0,柴田大,美浦粕谷,508,4,ダ,2100,４歳以上１勝クラス
2026.1.31,東2,6,カイトヴィント,,牡,54.0,▲上里,美浦和田雄,506,-6,ダ,2100,４歳以上１勝クラス
2026.1.31,東2,7,オウケンシルヴァー,,牡,58.0,木幡育,美浦松永康,502,6,ダ,2100,４歳以上１勝クラス
2026.1.31,東2,8,セージグリーン,,牝,56.0,吉田豊,美浦菊川,488,26,ダ,2100,４歳以上１勝クラス
2026.1.31,東2,9,カサビセンス,,牝,55.0,大野,美浦新開,448,-2,ダ,2100,４歳以上１勝クラス
2026.1.31,東2,10,カスバートテソーロ,,牝,55.0,横山武,美浦畠山,444,0,ダ,2100,４歳以上１勝クラス
2026.1.31,東2,11,カージオイド,,牡,57.0,Ｔ．ハマーハンセ,美浦黒岩,530,0,ダ,2100,４歳以上１勝クラス
2026.1.31,東2,12,マウントバーノン,,牡,57.0,木幡巧,美浦戸田,514,6,ダ,2100,４歳以上１勝クラス
2026.1.31,東2,13,ヴァズレーヌ,,牝,56.0,菅原明,美浦嘉藤,484,14,ダ,2100,４歳以上１勝クラス
2026.1.31,東2,14,ラントレイル,,牡,57.0,津村,美浦牧,470,16,ダ,2100,４歳以上１勝クラス
2026.1.31,東2,15,ナムラジミー,,牡,57.0,丸田,美浦武市,490,2,ダ,2100,４歳以上１勝クラス
2026.1.31,東2,16,ダブルメッセージ,,牡,57.0,石川,美浦和田郎,496,0,ダ,2100,４歳以上１勝クラス
2026.1.31,東3,1,アラクラン,,牡,57.0,杉原,美浦田村,506,8,ダ,1600,３歳未勝利
2026.1.31,東3,2,タイキブリッツェン,,牡,57.0,三浦,美浦伊藤圭,492,2,ダ,1600,３歳未勝利
2026.1.31,東3,3,キセログラフィカ,,牡,57.0,横山武,美浦大和田,514,4,ダ,1600,３歳未勝利
2026.1.31,東3,4,ネイティヴプライド,,牡,57.0,菅原明,美浦高木,478,2,ダ,1600,３歳未勝利
2026.1.31,東3,5,ヴェントベローチェ,,牡,57.0,木幡巧,美浦勢司,472,8,ダ,1600,３歳未勝利
2026.1.31,東3,6,ティラーノ,,牡,57.0,佐々木,美浦小手川,466,-2,ダ,1600,３歳未勝利
2026.1.31,東3,7,ミスターキャンベラ,,牡,57.0,戸崎圭,美浦稲垣,518,0,ダ,1600,３歳未勝利
2026.1.31,東3,8,グスク,,牡,57.0,柴田大,美浦辻,482,0,ダ,1600,３歳未勝利
2026.1.31,東3,9,アイアムアッパレ,,牡,57.0,柴田善,美浦奥平,508,0,ダ,1600,３歳未勝利
2026.1.31,東3,10,ケンブリッジルプス,,牡,54.0,▲佐藤,美浦萱野,492,4,ダ,1600,３歳未勝利
2026.1.31,東3,11,スティールヴォーグ,,牡,57.0,田辺裕信,美浦田村,458,4,ダ,1600,３歳未勝利
2026.1.31,東3,12,ライカ,,牡,57.0,大野,美浦杉浦,442,-2,ダ,1600,３歳未勝利
2026.1.31,東3,13,フォルナカリア,,牡,57.0,岩田康,美浦栗田,494,16,ダ,1600,３歳未勝利
2026.1.31,東3,14,カミノテイオー,,牡,55.0,△長浜,美浦奥平,482,6,ダ,1600,３歳未勝利
2026.1.31,東3,15,ブレイブシュガー,,牡,57.0,吉田豊,美浦高橋文,474,10,ダ,1600,３歳未勝利
2026.1.31,東4,1,アトミックブレス,,牡,57.0,戸崎圭,美浦加藤征,518,0,ダ,1400,３歳新馬
2026.1.31,東4,2,マイラバーズ,,牝,55.0,岡村健,栗東角田,480,0,ダ,1400,３歳新馬
2026.1.31,東4,3,イゲマジャ,,牡,54.0,▲佐藤,美浦清水英,474,0,ダ,1400,３歳新馬
2026.1.31,東4,4,ミツカネルナ,,牝,55.0,杉原,美浦鈴木伸,392,0,ダ,1400,３歳新馬
2026.1.31,東4,5,アリハム,,牡,57.0,ルメール,栗東武幸,488,0,ダ,1400,３歳新馬
2026.1.31,東4,6,カワイクテゴメン,,牝,53.0,△長浜,美浦田中勝,464,0,ダ,1400,３歳新馬
2026.1.31,東4,7,ルスト,,牡,57.0,木幡初,美浦堀内,442,0,ダ,1400,３歳新馬
2026.1.31,東4,8,イッツオンリーラブ,,牝,55.0,伊藤,美浦中川,388,0,ダ,1400,３歳新馬
2026.1.31,東4,9,ジーティーミュウ,,牝,52.0,▲上里,美浦柄崎,392,0,ダ,1400,３歳新馬
2026.1.31,東4,10,デスサイズ,,牡,57.0,石川,美浦小手川,466,0,ダ,1400,３歳新馬
2026.1.31,東4,11,ユキノグラス,,牡,57.0,佐々木,美浦小笠,450,0,ダ,1400,３歳新馬
2026.1.31,東4,12,ヴェロシスタ,,牡,57.0,木幡巧,美浦池上,482,0,ダ,1400,３歳新馬
2026.1.31,東4,13,イアソンテソーロ,,牡,57.0,小林脩,美浦高橋文,484,0,ダ,1400,３歳新馬
2026.1.31,東4,14,ガビーズメロディ,,牡,57.0,吉田豊,美浦伊坂,470,0,ダ,1400,３歳新馬
2026.1.31,東4,15,ヤマトスイフト,,牝,55.0,大野,美浦田村,486,0,ダ,1400,３歳新馬
2026.1.31,東4,16,ジーティーヒラリ,,牝,55.0,木幡育,美浦加藤和,414,0,ダ,1400,３歳新馬
2026.1.31,東5,1,アビヤント,,牡,57.0,三浦,美浦鹿戸,508,0,芝,1800,３歳新馬
2026.1.31,東5,2,プリヴィマーク,,牡,57.0,ハマーハン,美浦池上,444,0,芝,1800,３歳新馬
2026.1.31,東5,3,リッツパーティー,,牡,57.0,柴田善,美浦岩戸,494,0,芝,1800,３歳新馬
2026.1.31,東5,4,スワーヴマルス,,牡,57.0,戸崎圭,美浦田中博,476,0,芝,1800,３歳新馬
2026.1.31,東5,5,ダイヤモンドパレス,,牝,55.0,津村,美浦手塚久,424,0,芝,1800,３歳新馬
2026.1.31,東5,6,シェリーシュシュ,,牝,55.0,丸田,美浦大竹,450,0,芝,1800,３歳新馬
2026.1.31,東5,7,ウイルソン,,牡,57.0,松山,栗東杉山晴,484,0,芝,1800,３歳新馬
2026.1.31,東5,8,マーゴットドライ,,セ,57.0,木幡巧,美浦伊坂,438,0,芝,1800,３歳新馬
2026.1.31,東5,9,アデルバローズ,,牝,55.0,大野,美浦森一,358,0,芝,1800,３歳新馬
2026.1.31,東5,10,ドナディクオーレ,,牝,55.0,荻野極,美浦上原佑,372,0,芝,1800,３歳新馬
2026.1.31,東5,11,ティフェルテ,,牝,55.0,武藤,美浦戸田,454,0,芝,1800,３歳新馬
2026.1.31,東5,12,ダイナマイトメロン,,牝,55.0,杉原,美浦伊藤大,468,0,芝,1800,３歳新馬
2026.1.31,東5,13,マスアンジュ,,牝,55.0,西村淳,美浦萩原,430,0,芝,1800,３歳新馬
2026.1.31,東5,14,クイーンザノリピー,,牝,55.0,横山典,栗東千田,476,0,芝,1800,３歳新馬
2026.1.31,東5,15,コンティ,,牝,55.0,ルメール,美浦黒岩,480,0,芝,1800,３歳新馬
2026.1.31,東5,16,アマンヘセル,,牝,53.0,△長浜,美浦蛯名正,470,0,芝,1800,３歳新馬
2026.1.31,東6,1,リッチリーエコー,,牝,55.0,柴田大,美浦上原博,396,-6,芝,1600,３歳未勝利
2026.1.31,東6,2,トランスマーレ,,牝,55.0,横山武,美浦高柳瑞,450,0,芝,1600,３歳未勝利
2026.1.31,東6,3,モンサンドール,,牝,55.0,木幡巧,美浦牧,394,-6,芝,1600,３歳未勝利
2026.1.31,東6,4,タッカーヴァンバン,,牡,57.0,吉田豊,美浦田島,484,-8,芝,1600,３歳未勝利
2026.1.31,東6,5,キタノインテロ,,牝,52.0,▲佐藤,美浦伊藤伸,444,0,芝,1600,３歳未勝利
2026.1.31,東6,6,ウインドオブヘヴン,,牡,57.0,岩田康,美浦戸田,462,-4,芝,1600,３歳未勝利
2026.1.31,東6,7,ジーティートゥーリ,,牝,55.0,丸田,美浦武市,434,-4,芝,1600,３歳未勝利
2026.1.31,東6,8,ダイユウヴェンティ,,牝,55.0,菅原明,美浦松永康,434,6,芝,1600,３歳未勝利
2026.1.31,東6,9,リアライズリバティ,,牝,55.0,荻野極,美浦池上,458,10,芝,1600,３歳未勝利
2026.1.31,東6,10,ミスティユニバンス,,牝,55.0,キング,美浦加藤征,442,4,芝,1600,３歳未勝利
2026.1.31,東6,11,ペルウィクトール,,牡,57.0,ルメール,美浦宮田,502,-6,芝,1600,３歳未勝利
2026.1.31,東6,12,ワイルドミュール,,牝,55.0,ハマーハン,美浦鹿戸,430,8,芝,1600,３歳未勝利
2026.1.31,東6,13,ベアサナエチャン,,牝,55.0,松山,美浦杉浦,450,6,芝,1600,３歳未勝利
2026.1.31,東6,14,アビエーション,,牝,55.0,菅原隆,美浦佐藤吉,468,6,芝,1600,３歳未勝利
2026.1.31,東6,15,モントーヤ,,牡,57.0,佐々木,美浦浅利,478,-4,芝,1600,３歳未勝利
2026.1.31,東6,16,マジックオーラ,,牡,54.0,▲上里,美浦清水英,432,6,芝,1600,３歳未勝利
2026.1.31,東7,1,ドンエレクトス,,牡,57.0,菅原明,美浦高木,462,0,ダ,1600,３歳１勝クラス
2026.1.31,東7,2,ロミオ,,牡,57.0,荻野極,美浦上原佑,514,4,ダ,1600,３歳１勝クラス
2026.1.31,東7,3,ゲームカレンダー,,牡,57.0,丸田,美浦小笠,458,2,ダ,1600,３歳１勝クラス
2026.1.31,東7,4,ショーリバース,,牡,57.0,横山典,美浦鈴木伸,508,-2,ダ,1600,３歳１勝クラス
2026.1.31,東7,5,ラッキーキッド,,牡,57.0,戸崎圭,美浦加藤征,488,2,ダ,1600,３歳１勝クラス
2026.1.31,東7,6,ムーランオランジュ,,牡,57.0,三浦,栗東小崎,490,2,ダ,1600,３歳１勝クラス
2026.1.31,東7,7,ソルオーブ,,牡,57.0,ハマーハン,栗東小栗,454,4,ダ,1600,３歳１勝クラス
2026.1.31,東7,8,ビービークローサー,,牡,57.0,坂井,栗東野中,458,-12,ダ,1600,３歳１勝クラス
2026.1.31,東7,9,ケイツーリーブル,,牝,55.0,津村,美浦千葉,446,-6,ダ,1600,３歳１勝クラス
2026.1.31,東7,10,リベッチオ,,牡,57.0,川田,栗東杉山晴,488,-4,ダ,1600,３歳１勝クラス
2026.1.31,東7,11,ビルバンテ,,牡,57.0,松山,美浦蛯名正,492,4,ダ,1600,３歳１勝クラス
2026.1.31,東7,12,サンラザール,,牡,57.0,ルメール,美浦森一,516,6,ダ,1600,３歳１勝クラス
2026.1.31,東7,13,ブリッジエフェクト,,牡,57.0,横山武,美浦斎藤誠,544,14,ダ,1600,３歳１勝クラス
2026.1.31,東7,14,ヴォーカライズ,,牡,57.0,西村淳,栗東高野,490,0,ダ,1600,３歳１勝クラス
2026.1.31,東7,15,ピースサイン,,牡,57.0,キング,美浦浅利,450,0,ダ,1600,３歳１勝クラス
2026.1.31,東7,16,カズチャンペ,,牡,57.0,岡村健,地方酒井一,482,-4,ダ,1600,３歳１勝クラス
2026.1.31,東8,1,モナコブル,,牡,58.0,大野,美浦岩戸,462,-2,ダ,1400,４歳以上２勝クラス
2026.1.31,東8,2,ネイビースター,,セ,58.0,石川,美浦林,560,14,ダ,1400,４歳以上２勝クラス
2026.1.31,東8,3,セントラルヴァレー,,セ,58.0,キング,美浦栗田,484,10,ダ,1400,４歳以上２勝クラス
2026.1.31,東8,4,フラーハ,,牝,56.0,津村,美浦嘉藤,502,4,ダ,1400,４歳以上２勝クラス
2026.1.31,東8,5,タマモヴェナトル,,牡,55.0,▲佐藤,美浦菊沢,448,-4,ダ,1400,４歳以上２勝クラス
2026.1.31,東8,6,アスクアイルビゼア,,牡,58.0,坂井,栗東矢作,464,-14,ダ,1400,４歳以上２勝クラス
2026.1.31,東8,7,シュヴァルツリーベ,,牝,56.0,伊藤,美浦林,460,4,ダ,1400,４歳以上２勝クラス
2026.1.31,東8,8,モーニングマジック,,牝,55.0,三浦,美浦武藤,552,16,ダ,1400,４歳以上２勝クラス
2026.1.31,東8,9,レッドアレグロ,,セ,58.0,ルメール,美浦木村,468,10,ダ,1400,４歳以上２勝クラス
2026.1.31,東8,10,ペイシャケイプ,,牡,57.0,横山典,栗東高橋康,544,-2,ダ,1400,４歳以上２勝クラス
2026.1.31,東8,11,フィーチャリング,,セ,57.0,松山,美浦和田郎,466,-2,ダ,1400,４歳以上２勝クラス
2026.1.31,東8,12,サトノアルペジオ,,セ,58.0,佐々木,美浦大和田,492,4,ダ,1400,４歳以上２勝クラス
2026.1.31,東8,13,エンファサイズ,,牡,58.0,西村淳,美浦小笠,462,0,ダ,1400,４歳以上２勝クラス
2026.1.31,東8,14,ゴールデンカイト,,牡,57.0,川田,栗東中内田,484,2,ダ,1400,４歳以上２勝クラス
2026.1.31,東8,15,ジューンポンポン,,牝,56.0,田辺,美浦和田勇,512,12,ダ,1400,４歳以上２勝クラス
2026.1.31,東8,16,ニシノスピカ,,牝,54.0,△長浜,美浦鈴木伸,500,0,ダ,1400,４歳以上２勝クラス
2026.1.31,東9,1,ヴィヴァン,,牡,55.0,戸崎圭,栗東池江,502,6,ダ,1600,白嶺Ｓ(3勝クラス)
2026.1.31,東9,2,ロッシニアーナ,,牡,55.0,ルメール,美浦木村,516,-6,ダ,1600,白嶺Ｓ(3勝クラス)
2026.1.31,東9,3,アルゴナヴィス,,牡,56.0,荻野極,栗東池江,486,0,ダ,1600,白嶺Ｓ(3勝クラス)
2026.1.31,東9,4,タイゲン,,牡,55.0,木幡巧,栗東平田,482,8,ダ,1600,白嶺Ｓ(3勝クラス)
2026.1.31,東9,5,ジェイエルマスター,,牡,56.0,横山典,美浦小西,484,0,ダ,1600,白嶺Ｓ(3勝クラス)
2026.1.31,東9,6,ワイドブリザード,,セ,57.0,坂井,栗東佐藤悠,446,-4,ダ,1600,白嶺Ｓ(3勝クラス)
2026.1.31,東9,7,クールブロン,,牡,55.0,三浦,栗東井上,534,-10,ダ,1600,白嶺Ｓ(3勝クラス)
2026.1.31,東9,8,ルグランヴァン,,牡,57.0,菅原明,美浦高木,492,6,ダ,1600,白嶺Ｓ(3勝クラス)
2026.1.31,東9,9,イデアイゴッソウ,,牡,56.0,横山武,美浦小野,476,6,ダ,1600,白嶺Ｓ(3勝クラス)
2026.1.31,東9,10,ゴールデンオスカー,,牡,56.0,石川,美浦堀内,506,4,ダ,1600,白嶺Ｓ(3勝クラス)
2026.1.31,東9,11,ニシノライコウ,,牡,56.0,杉原,美浦古賀,510,4,ダ,1600,白嶺Ｓ(3勝クラス)
2026.1.31,東9,12,ジョディーズマロン,,牡,56.0,岩田康,栗東北出,470,6,ダ,1600,白嶺Ｓ(3勝クラス)
2026.1.31,東9,13,ファリーザ,,牝,54.0,津村,美浦千葉,438,2,ダ,1600,白嶺Ｓ(3勝クラス)
2026.1.31,東9,14,ベルダイナフェロー,,牝,53.0,佐々木,栗東東田,478,6,ダ,1600,白嶺Ｓ(3勝クラス)
2026.1.31,東9,15,ヴァンドーム,,牡,58.0,大野,栗東安田,504,10,ダ,1600,白嶺Ｓ(3勝クラス)
2026.1.31,東9,16,ヒルノハンブルク,,牡,57.0,松山,栗東武英,472,-4,ダ,1600,白嶺Ｓ(3勝クラス)
2026.1.31,東10,1,ハッピーエンジェル,,牝,55.0,三浦,美浦武市,436,4,芝,1400,クロッカスＳ(L)
2026.1.31,東10,2,オルネーロ,,牡,57.0,ルメール,美浦宮田,504,10,芝,1400,クロッカスＳ(L)
2026.1.31,東10,3,ルージュダリア,,牝,55.0,荻野極,美浦林,460,20,芝,1400,クロッカスＳ(L)
2026.1.31,東10,4,トミーバローズ,,牡,57.0,坂井,栗東清水久,470,-4,芝,1400,クロッカスＳ(L)
2026.1.31,東10,5,ホットゥトロット,,牡,57.0,大野,美浦堀内,456,4,芝,1400,クロッカスＳ(L)
2026.1.31,東10,6,ランドスター,,牡,57.0,ハマーハン,美浦柄崎,500,-4,芝,1400,クロッカスＳ(L)
2026.1.31,東10,7,ホワイトドラゴン,,牡,57.0,佐々木,美浦伊藤大,478,16,芝,1400,クロッカスＳ(L)
2026.1.31,東10,8,スミッコディスコ,,牡,57.0,津村,美浦鈴木慎,454,6,芝,1400,クロッカスＳ(L)
2026.1.31,東10,9,フクチャンショウ,,牡,57.0,戸崎圭,美浦加藤征,456,12,芝,1400,クロッカスＳ(L)
2026.1.31,東10,10,グッドピース,,牡,57.0,西村淳,栗東高野,460,2,芝,1400,クロッカスＳ(L)
2026.1.31,東10,11,ユウファラオ,,牡,57.0,川田,栗東森秀,502,16,芝,1400,クロッカスＳ(L)
2026.1.31,東10,12,アスミル,,牡,57.0,松山,栗東本田,490,2,芝,1400,クロッカスＳ(L)
2026.1.31,東10,13,フレンドモナコ,,牡,57.0,吉田豊,美浦南田,426,4,芝,1400,クロッカスＳ(L)
2026.1.31,東10,14,ミルトベスト,,牡,57.0,横山武,栗東中村,478,10,芝,1400,クロッカスＳ(L)
2026.1.31,東10,15,アグネスクレスト,,牡,57.0,柴田善,美浦和田勇,502,2,芝,1400,クロッカスＳ(L)
2026.1.31,東11,1,ヴィレム,,牡,57.0,キング,栗東藤原,526,8,芝,2000,白富士Ｓ(L)
2026.1.31,東11,2,レディネス,,牡,56.0,横山典,栗東昆,506,8,芝,2000,白富士Ｓ(L)
2026.1.31,東11,3,シンハナーダ,,牡,57.0,坂井,美浦国枝,478,8,芝,2000,白富士Ｓ(L)
2026.1.31,東11,4,ダノンシーマ,,牡,56.0,川田,栗東中内田,494,0,芝,2000,白富士Ｓ(L)
2026.1.31,東11,5,キングズパレス,,牡,59.0,横山武,美浦戸田,510,8,芝,2000,白富士Ｓ(L)
2026.1.31,東11,6,ウィクトルウェルス,,牡,56.0,ルメール,美浦宮田,524,12,芝,2000,白富士Ｓ(L)
2026.1.31,東11,7,マイネルモーント,,牡,58.0,津村,美浦高木,472,-2,芝,2000,白富士Ｓ(L)
2026.1.31,東11,8,ピースワンデュック,,牡,57.0,柴田善,美浦大竹,462,4,芝,2000,白富士Ｓ(L)
2026.1.31,東11,9,オーロラエックス,,牝,56.0,松山,栗東杉山晴,492,4,芝,2000,白富士Ｓ(L)
2026.1.31,東11,10,セレシオン,,牡,58.0,ハマーハン,栗東友道,476,6,芝,2000,白富士Ｓ(L)
2026.1.31,東12,1,スワローシチー,,牡,57.0,田辺,美浦相沢,474,0,芝,1800,４歳以上１勝クラス
2026.1.31,東12,2,タイセイプランセス,,牝,55.0,戸崎圭,美浦池上,420,8,芝,1800,４歳以上１勝クラス
2026.1.31,東12,3,セイロンジェムズ,,牡,58.0,ハマーハン,美浦鈴木慎,496,10,芝,1800,４歳以上１勝クラス
2026.1.31,東12,4,ピースヒロフェイス,,牝,56.0,松山,美浦牧,470,2,芝,1800,４歳以上１勝クラス
2026.1.31,東12,5,ポタリング,,セ,57.0,江田照,美浦武藤,444,4,芝,1800,４歳以上１勝クラス
2026.1.31,東12,6,ルージュカエラ,,牝,56.0,岩田康,美浦加藤征,442,6,芝,1800,４歳以上１勝クラス
2026.1.31,東12,7,オルグジェシダ,,牝,55.0,ルメール,美浦宮田,482,6,芝,1800,４歳以上１勝クラス
2026.1.31,東12,8,コスモグラニット,,牡,57.0,津村,美浦清水英,490,-6,芝,1800,４歳以上１勝クラス
2026.1.31,東12,9,エリーナストーム,,牝,55.0,三浦,美浦鹿戸,516,-2,芝,1800,４歳以上１勝クラス
2026.1.31,東12,10,アールヴィヴァン,,牡,57.0,キング,美浦田中博,482,6,芝,1800,４歳以上１勝クラス
2026.1.31,東12,11,サトノラポール,,セ,57.0,荻野極,美浦鹿戸,472,8,芝,1800,４歳以上１勝クラス
2026.1.31,東12,12,パストラーレ,,牡,58.0,丸田,美浦武市,510,2,芝,1800,４歳以上１勝クラス
2026.1.31,京1,1,タマモビスケット,,牝,55.0,国分優,栗東中竹,468,-2,ダ,1200,３歳未勝利
2026.1.31,京1,2,ソウルオンファイア,,牝,55.0,団野,栗東野中,490,8,ダ,1200,３歳未勝利
2026.1.31,京1,3,オーベール,,牝,55.0,高倉,栗東浜田,476,10,ダ,1200,３歳未勝利
2026.1.31,京1,4,カリビアンダンサー,,牝,55.0,城戸,栗東宮地,488,4,ダ,1200,３歳未勝利
2026.1.31,京1,5,ミスジェイド,,牝,55.0,原,栗東杉山佳,446,0,ダ,1200,３歳未勝利
2026.1.31,京1,6,アーディアイリ,,牝,55.0,高杉,栗東緒方,438,2,ダ,1200,３歳未勝利
2026.1.31,京1,7,マユナイト,,牝,53.0,◇永島,栗東高橋康,402,8,ダ,1200,３歳未勝利
2026.1.31,京1,8,エターナルビジョン,,牝,55.0,池添,栗東高橋康,458,-10,ダ,1200,３歳未勝利
2026.1.31,京1,9,メリフルアス,,牝,55.0,岩田望,栗東小栗,480,6,ダ,1200,３歳未勝利
2026.1.31,京1,10,ウインアレグロ,,牝,55.0,酒井,栗東西園正,478,-6,ダ,1200,３歳未勝利
2026.1.31,京1,11,ベリルスフィア,,牝,55.0,田口,栗東高柳大,452,0,ダ,1200,３歳未勝利
2026.1.31,京1,12,サルタラリンダ,,牝,55.0,横山和,栗東上村,492,0,ダ,1200,３歳未勝利
2026.1.31,京1,13,タッチザスカイ,,牝,52.0,▲川端,美浦高木,442,0,ダ,1200,３歳未勝利
2026.1.31,京1,14,クロスボーダー,,牝,55.0,北村友,栗東小林,486,-6,ダ,1200,３歳未勝利
2026.1.31,京1,15,カーボフリオ,,牝,55.0,吉村,美浦高木,438,6,ダ,1200,３歳未勝利
2026.1.31,京1,16,ジャンヌドゥレーヴ,,牝,55.0,菱田,栗東角田,444,0,ダ,1200,３歳未勝利
2026.1.31,京2,1,カセノナユタ,,牡,57.0,国分優,栗東中尾,490,-4,ダ,1800,３歳未勝利
2026.1.31,京2,2,コスモブラック,,牡,57.0,武豊,栗東武英,466,0,ダ,1800,３歳未勝利
2026.1.31,京2,3,バンブトンコール,,牡,54.0,▲川端,栗東佐藤悠,522,-2,ダ,1800,３歳未勝利
2026.1.31,京2,4,テイエムプレミラン,,牡,57.0,酒井,栗東宮地,494,2,ダ,1800,３歳未勝利
2026.1.31,京2,5,アーサーバローズ,,牡,57.0,高杉,栗東寺島,500,0,ダ,1800,３歳未勝利
2026.1.31,京2,6,サイモングリーマン,,牡,57.0,原,美浦根本,478,-10,ダ,1800,３歳未勝利
2026.1.31,京2,7,マジックファイヤー,,牡,57.0,岩田望,栗東辻野,470,-2,ダ,1800,３歳未勝利
2026.1.31,京2,8,ハクアイタワー,,牡,57.0,団野,栗東今野,496,8,ダ,1800,３歳未勝利
2026.1.31,京2,9,メイショウソウテン,,牡,57.0,田口,栗東鈴木孝,560,-2,ダ,1800,３歳未勝利
2026.1.31,京3,1,ハギノクリーガー,,牡,57.0,酒井,栗東荒川,416,-10,ダ,1400,３歳未勝利
2026.1.31,京3,2,アシャカルー,,牡,57.0,国分優,栗東大根田,484,1,ダ,1400,３歳未勝利
2026.1.31,京3,3,アデルフィー,,牡,57.0,田口,美浦金成,456,-6,ダ,1400,３歳未勝利
2026.1.31,京3,4,キャッチアシーフ,,牡,57.0,岩田望,栗東佐藤悠,524,0,ダ,1400,３歳未勝利
2026.1.31,京3,5,ゴディアンフィンチ,,牡,57.0,横山和,栗東安田,534,6,ダ,1400,３歳未勝利
2026.1.31,京3,6,ファビュラスベガス,,牝,55.0,北村友,栗東前川,426,0,ダ,1400,３歳未勝利
2026.1.31,京3,7,カルロット,,牡,57.0,武豊,栗東武幸,514,-4,ダ,1400,３歳未勝利
2026.1.31,京3,8,ヴァルボリ,,牡,57.0,高杉,栗東西村,468,-12,ダ,1400,３歳未勝利
2026.1.31,京3,9,シンクシビリティ,,牝,55.0,原,美浦青木,424,-6,ダ,1400,３歳未勝利
2026.1.31,京3,10,ワイドシャッフエン,,牝,55.0,幸,栗東秋山,444,2,ダ,1400,３歳未勝利
2026.1.31,京3,11,レヴァンターセ,,牡,57.0,団野,栗東田中克,468,0,ダ,1400,３歳未勝利
2026.1.31,京3,12,キープシャイニング,,牡,57.0,吉村,栗東長谷川,506,-6,ダ,1400,３歳未勝利
2026.1.31,京3,13,イチザペガサス,,牡,57.0,城戸,美浦的場,458,10,ダ,1400,３歳未勝利
2026.1.31,京4,1,サイモンゼスト,,牡,57.0,酒井,栗東佐々木,506,8,ダ,1800,３歳未勝利
2026.1.31,京4,2,ベルドゥニュイ,,牝,55.0,菱田,栗東矢作,448,-6,ダ,1800,３歳未勝利
2026.1.31,京4,3,エンドレスクライ,,牡,54.0,▲川端,栗東杉山佳,508,0,ダ,1800,３歳未勝利
2026.1.31,京4,4,カミノトップワン,,牡,55.0,◇永島,栗東千田,464,-14,ダ,1800,３歳未勝利
2026.1.31,京4,5,ラジャブルック,,牡,57.0,北村友,栗東高野,488,12,ダ,1800,３歳未勝利
2026.1.31,京4,6,ダイメイクマモト,,牡,57.0,太宰,栗東秋山,468,-2,ダ,1800,３歳未勝利
2026.1.31,京4,7,タワーオブバベル,,牡,57.0,国分優,栗東坂口,510,-4,ダ,1800,３歳未勝利
2026.1.31,京4,8,ヴィエントデコラ,,牡,57.0,岩田望,栗東寺島,452,-4,ダ,1800,３歳未勝利
2026.1.31,京4,9,シャインゴーツ,,牡,57.0,高杉,栗東北出,444,-4,ダ,1800,３歳未勝利
2026.1.31,京4,10,コンテナヒーロー,,牡,57.0,吉村,栗東茶木,496,0,ダ,1800,３歳未勝利
2026.1.31,京4,11,エルリオ,,牝,55.0,団野,美浦深山,438,0,ダ,1800,３歳未勝利
2026.1.31,京5,1,エルマスデセーニ,,牝,52.0,▲川端,栗東石坂,408,0,芝,2000,３歳新馬
2026.1.31,京5,2,メガクローム,,牡,55.0,◇永島,栗東高柳大,440,0,芝,2000,３歳新馬
2026.1.31,京5,3,バリオス,,牡,57.0,高杉,栗東武幸,532,0,芝,2000,３歳新馬
2026.1.31,京5,4,ディースカウ,,牡,57.0,岩田望,栗東須貝,476,0,芝,2000,３歳新馬
2026.1.31,京5,5,シエルブリエ,,牡,57.0,酒井,栗東浜田,512,0,芝,2000,３歳新馬
2026.1.31,京5,6,メテオレムナント,,牡,57.0,北村友,美浦中川,524,0,芝,2000,３歳新馬
2026.1.31,京5,7,リゴドン,,牡,57.0,幸,栗東中竹,474,0,芝,2000,３歳新馬
2026.1.31,京5,8,ディエスルージュ,,牝,55.0,横山和,栗東西園正,424,0,芝,2000,３歳新馬
2026.1.31,京5,9,ココロヅヨサ,,牡,57.0,菱田,栗東田中克,460,0,芝,2000,３歳新馬
2026.1.31,京5,10,ドントゥール,,牝,55.0,吉村,栗東杉山晴,476,0,芝,2000,３歳新馬
2026.1.31,京5,11,アメリカンジゴロ,,牡,57.0,団野,栗東斉藤崇,494,0,芝,2000,３歳新馬
2026.1.31,京5,12,カフジミモレット,,牝,55.0,高倉,栗東森田,456,0,芝,2000,３歳新馬
2026.1.31,京5,13,インクレイブル,,牝,55.0,田口,栗東奥村豊,404,0,芝,2000,３歳新馬
2026.1.31,京5,14,グロートカイザー,,牡,57.0,国分優,栗東辻野,444,0,芝,2000,３歳新馬
2026.1.31,京5,15,オズマップ,,牝,55.0,池添,栗東新谷,418,0,芝,2000,３歳新馬
2026.1.31,京6,1,ウインビスタ,,牡,57.0,団野,栗東梅田,438,0,芝,1600,３歳未勝利
2026.1.31,京6,2,オースミサイファー,,牡,57.0,田口,栗東宮本,474,-2,芝,1600,３歳未勝利
2026.1.31,京6,3,ホウオウチャールズ,,牡,57.0,原,美浦池上,438,-8,芝,1600,３歳未勝利
2026.1.31,京6,4,アオイハルカ,,牝,55.0,池添,栗東大久保,430,-6,芝,1600,３歳未勝利
2026.1.31,京6,5,ナハトナナレオン,,牝,55.0,横山和,美浦矢嶋,396,-6,芝,1600,３歳未勝利
2026.1.31,京6,6,アイルトン,,牡,57.0,北村友,栗東佐々木,502,0,芝,1600,３歳未勝利
2026.1.31,京6,7,マルカスマッシュ,,牡,57.0,国分優,栗東浜田,464,-2,芝,1600,３歳未勝利
2026.1.31,京6,8,ペイシャシス,,牝,55.0,酒井,栗東加藤公,398,-2,芝,1600,３歳未勝利
2026.1.31,京6,9,メイショウマグナ,,牝,55.0,太宰,栗東石橋,432,-4,芝,1600,３歳未勝利
2026.1.31,京6,10,タケウチビー,,牝,53.0,◇永島,美浦深山,398,-6,芝,1600,３歳未勝利
2026.1.31,京6,11,ヒルノジェノヴァ,,牝,55.0,菱田,栗東藤野,430,0,芝,1600,３歳未勝利
2026.1.31,京6,12,メイショウノヴァス,,牡,57.0,幸,栗東大橋,462,2,芝,1600,３歳未勝利
2026.1.31,京6,13,マサハヤルージュ,,牝,55.0,高杉,栗東千田,422,4,芝,1600,３歳未勝利
2026.1.31,京6,14,タイムレスフレアー,,牡,57.0,岩田望,栗東橋口,460,0,芝,1600,３歳未勝利
2026.1.31,京6,15,ジューンアゲイン,,牡,57.0,吉村,栗東長谷川,452,-4,芝,1600,３歳未勝利
2026.1.31,京6,16,ダイチノナポリ,,牝,55.0,高倉,栗東畑端,422,-6,芝,1600,３歳未勝利
2026.1.31,京7,1,カムアップローゼス,,牡,57.0,吉村,栗東浜田,478,-2,ダ,1800,３歳１勝クラス
2026.1.31,京7,2,ボクマダネムイヨ,,牡,57.0,高杉,栗東東田,498,-4,ダ,1800,３歳１勝クラス
2026.1.31,京7,3,ペイシャプル,,牡,55.0,◇永島,栗東高橋康,498,6,ダ,1800,３歳１勝クラス
2026.1.31,京7,4,セイントホース,,牡,57.0,酒井,栗東谷,492,-2,ダ,1800,３歳１勝クラス
2026.1.31,京7,5,シュネルアンジュ,,牝,55.0,武豊,栗東寺島,488,2,ダ,1800,３歳１勝クラス
2026.1.31,京7,6,ソルチェリア,,牡,57.0,幸,栗東大根田,502,4,ダ,1800,３歳１勝クラス
2026.1.31,京7,7,ダンツシタン,,牡,57.0,団野,栗東本田,538,2,ダ,1800,３歳１勝クラス
2026.1.31,京7,8,シルバーレシオ,,牡,57.0,岩田望,栗東野中,508,0,ダ,1800,３歳１勝クラス
2026.1.31,京7,9,ノースミソロジー,,牡,57.0,菱田,栗東岡田,480,10,ダ,1800,３歳１勝クラス
2026.1.31,京7,10,タガノエルー,,牡,57.0,池添,栗東宮,462,2,ダ,1800,３歳１勝クラス
2026.1.31,京7,11,サイン,,牡,57.0,田口,栗東佐藤悠,530,-2,ダ,1800,３歳１勝クラス
2026.1.31,京8,1,モーメントキャッチ,,牡,58.0,横山和,美浦松山,522,-4,ダ,1900,４歳以上１勝クラス
2026.1.31,京8,2,ヴェストラン,,牡,58.0,太宰,栗東本田,444,-4,ダ,1900,４歳以上１勝クラス
2026.1.31,京8,3,サトノブリジャール,,牡,57.0,岩田望,栗東友道,478,0,ダ,1900,４歳以上１勝クラス
2026.1.31,京8,4,チムニートップス,,牡,57.0,吉村,栗東杉山晴,504,-2,ダ,1900,４歳以上１勝クラス
2026.1.31,京8,5,リアルスター,,牡,57.0,田口,栗東大橋,556,0,ダ,1900,４歳以上１勝クラス
2026.1.31,京8,6,スコーピオンイメル,,牡,57.0,高倉,栗東武英,492,2,ダ,1900,４歳以上１勝クラス
2026.1.31,京8,7,シュネーグロッケン,,牡,57.0,幸,栗東清水久,502,12,ダ,1900,４歳以上１勝クラス
2026.1.31,京8,8,ディニテ,,牡,57.0,国分優,栗東辻野,502,0,ダ,1900,４歳以上１勝クラス
2026.1.31,京8,9,トモジャザーン,,牡,58.0,菱田,栗東大根田,492,-8,ダ,1900,４歳以上１勝クラス
2026.1.31,京8,10,エテルノレガーメ,,牡,57.0,団野,栗東野中,536,0,ダ,1900,４歳以上１勝クラス
2026.1.31,京9,1,タイガースパーク,,牡,58.0,田口,栗東大橋,472,2,ダ,1400,長浜特別(2勝クラス)
2026.1.31,京9,2,ルークススペイ,,牡,57.0,団野,美浦伊藤圭,496,8,ダ,1400,長浜特別(2勝クラス)
2026.1.31,京9,3,サンガネーブ,,牡,58.0,北村友,栗東田中克,514,0,ダ,1400,長浜特別(2勝クラス)
2026.1.31,京9,4,ユウトザレン,,牡,57.0,高杉,栗東千田,494,0,ダ,1400,長浜特別(2勝クラス)
2026.1.31,京9,5,クリノキングマン,,牡,58.0,酒井,栗東高橋康,504,-6,ダ,1400,長浜特別(2勝クラス)
2026.1.31,京9,6,トロピカルヒーロー,,牡,58.0,永島,美浦根本,556,-2,ダ,1400,長浜特別(2勝クラス)
2026.1.31,京9,7,メイケイレイン,,牡,57.0,池添,栗東中竹,454,4,ダ,1400,長浜特別(2勝クラス)
2026.1.31,京9,8,メモリーグラス,,牡,58.0,原,美浦松永康,492,-2,ダ,1400,長浜特別(2勝クラス)
2026.1.31,京9,9,プリンスノット,,牡,58.0,菱田,栗東小椋,482,6,ダ,1400,長浜特別(2勝クラス)
2026.1.31,京9,10,ハクサンアイリス,,牡,57.0,岩田望,栗東高橋一,486,-2,ダ,1400,長浜特別(2勝クラス)
2026.1.31,京9,11,ポッドドンナー,,牡,57.0,吉村,栗東辻野,484,4,ダ,1400,長浜特別(2勝クラス)
2026.1.31,京9,12,ワイノナオミ,,牝,56.0,国分優,栗東畑端,478,-4,ダ,1400,長浜特別(2勝クラス)
2026.1.31,京9,13,アレ,,牡,58.0,武豊,栗東中内田,512,-4,ダ,1400,長浜特別(2勝クラス)
2026.1.31,京10,1,ヴァリージア,,牡,56.0,池添,栗東斉藤崇,522,4,芝,2400,許波多特別(2勝クラス)
2026.1.31,京10,2,オメガナビゲーター,,セ,56.0,横山和,栗東安田,502,6,芝,2400,許波多特別(2勝クラス)
2026.1.31,京10,3,ウェイビー,,牝,53.0,田口,栗東西村,544,-2,芝,2400,許波多特別(2勝クラス)
2026.1.31,京10,4,エルディアブロ,,牡,55.0,団野,栗東佐々木,456,-2,芝,2400,許波多特別(2勝クラス)
2026.1.31,京10,5,オウケンボルト,,牡,54.0,酒井,美浦土田,458,-4,芝,2400,許波多特別(2勝クラス)
2026.1.31,京10,6,ボンドロア,,牡,56.0,太宰,栗東松永幹,466,2,芝,2400,許波多特別(2勝クラス)
2026.1.31,京10,7,サトノスカイターフ,,牡,56.0,岩田望,栗東池江,510,10,芝,2400,許波多特別(2勝クラス)
2026.1.31,京10,8,スカイサーベイ,,牡,56.0,北村友,栗東池添,482,0,芝,2400,許波多特別(2勝クラス)
2026.1.31,京11,1,スミ,,牝,56.0,菱田,栗東高橋亮,500,-2,ダ,1800,舞鶴Ｓ(3勝クラス)
2026.1.31,京11,2,ロフティストーリー,,牝,55.0,岩田望,美浦久保田,502,8,ダ,1800,舞鶴Ｓ(3勝クラス)
2026.1.31,京11,3,サイモンブーケ,,牝,56.0,北村友,栗東梅田,512,-2,ダ,1800,舞鶴Ｓ(3勝クラス)
2026.1.31,京11,4,メイショウポペット,,牝,56.0,酒井,栗東角田,504,0,ダ,1800,舞鶴Ｓ(3勝クラス)
2026.1.31,京11,5,モズカトレア,,牝,55.0,団野,栗東井上,482,0,ダ,1800,舞鶴Ｓ(3勝クラス)
2026.1.31,京11,6,メイショウオーロラ,,牝,56.0,太宰,栗東本田,518,0,ダ,1800,舞鶴Ｓ(3勝クラス)
2026.1.31,京11,7,ツキノアカリ,,牝,55.0,幸,栗東牧田,454,0,ダ,1800,舞鶴Ｓ(3勝クラス)
2026.1.31,京11,8,フラッパールック,,牝,56.0,田口,美浦林,466,-4,ダ,1800,舞鶴Ｓ(3勝クラス)
2026.1.31,京11,9,プロミストジーン,,牝,55.0,武豊,美浦上原佑,468,-2,ダ,1800,舞鶴Ｓ(3勝クラス)
2026.1.31,京11,10,エイシンナデシコ,,牝,55.0,原,美浦田中剛,442,0,ダ,1800,舞鶴Ｓ(3勝クラス)
2026.1.31,京11,11,ハワイアンティアレ,,牝,56.0,吉村,栗東松永幹,442,4,ダ,1800,舞鶴Ｓ(3勝クラス)
2026.1.31,京11,12,メテオールライト,,牝,56.0,高杉,美浦萩原,438,4,ダ,1800,舞鶴Ｓ(3勝クラス)
2026.1.31,京11,13,ルージュアベリア,,牝,56.0,池添,美浦加藤士,484,8,ダ,1800,舞鶴Ｓ(3勝クラス)
2026.1.31,京12,1,ニシノイツキムスメ,,牝,55.0,幸,栗東北出,414,2,芝,1600,４歳以上１勝クラス
2026.1.31,京12,2,ジーティームッシュ,,牡,57.0,酒井,栗東西村,438,4,芝,1600,４歳以上１勝クラス
2026.1.31,京12,3,ブーディガ,,牝,55.0,団野,栗東高橋一,482,2,芝,1600,４歳以上１勝クラス
2026.1.31,京12,4,ペルフェツィオーネ,,牡,58.0,原,栗東杉山佳,470,-2,芝,1600,４歳以上１勝クラス
2026.1.31,京12,5,ピエタンツァ,,牝,55.0,武豊,栗東松永幹,480,-2,芝,1600,４歳以上１勝クラス
2026.1.31,京12,6,サマースピリット,,牝,55.0,菱田,美浦国枝,494,22,芝,1600,４歳以上１勝クラス
2026.1.31,京12,7,ダノンクロム,,牡,58.0,高杉,栗東東田,538,2,芝,1600,４歳以上１勝クラス
2026.1.31,京12,8,ムーンライトラガー,,牝,55.0,池添,栗東大久保,426,6,芝,1600,４歳以上１勝クラス
2026.1.31,京12,9,フラッシングレート,,牝,53.0,▲川端,栗東加藤公,488,2,芝,1600,４歳以上１勝クラス
2026.1.31,京12,10,ペールノエル,,セ,57.0,北村友,栗東西村,450,0,芝,1600,４歳以上１勝クラス
2026.1.31,京12,11,ウィテカービート,,牡,57.0,岩部,栗東昆,520,4,芝,1600,４歳以上１勝クラス
2026.1.31,京12,12,ダノンブギ,,牡,57.0,横山和,栗東安田,474,4,芝,1600,４歳以上１勝クラス
2026.1.31,京12,13,タイセイフィオーレ,,牡,57.0,田口,栗東西村,462,6,芝,1600,４歳以上１勝クラス
2026.1.31,京12,14,ヴォラヴィア,,牡,55.0,◇永島,栗東杉山佳,472,26,芝,1600,４歳以上１勝クラス
2026.1.31,京12,15,ダイヤモンドハンズ,,牡,58.0,岩田望,栗東池江,522,4,芝,1600,４歳以上１勝クラス
2026.1.31,京12,16,ジュンライトニング,,牡,57.0,吉村,栗東清水久,452,6,芝,1600,４歳以上１勝クラス
2026.1.31,京12,17,マリブオレンジ,,牝,55.0,高倉,栗東福永,450,-2,芝,1600,４歳以上１勝クラス
2026.1.31,小1,1,カレンココナ,,牝,55.0,小崎,栗東小林,440,4,ダ,1000,３歳未勝利
2026.1.31,小1,2,ミヤフロント,,牝,52.0,▲森田,栗東斉藤崇,458,14,ダ,1000,３歳未勝利
2026.1.31,小1,3,ソヴァージュ,,牝,55.0,野中,美浦菊川,438,8,ダ,1000,３歳未勝利
2026.1.31,小1,4,カイトヴァイター,,牡,57.0,黛,美浦武市,452,16,ダ,1000,３歳未勝利
2026.1.31,小1,5,ファンシーフリル,,牝,55.0,秋山稔,美浦蛯名利,458,0,ダ,1000,３歳未勝利
2026.1.31,小1,6,マスキュラー,,牡,54.0,▲和田陽,栗東高橋一,476,0,ダ,1000,３歳未勝利
2026.1.31,小1,7,ウーマンズパワー,,牝,55.0,横山琉,栗東中尾,454,-12,ダ,1000,３歳未勝利
2026.1.31,小1,8,アヴァンフライト,,牝,52.0,▲小林美,美浦上原佑,442,-2,ダ,1000,３歳未勝利
2026.1.31,小1,9,スイーヴル,,牝,55.0,長岡,栗東小椋,452,-4,ダ,1000,３歳未勝利
2026.1.31,小1,10,ヴォンドゥ,,牝,52.0,▲舟山,栗東小栗,416,-8,ダ,1000,３歳未勝利
2026.1.31,小1,11,サンライズロイ,,牡,53.0,★河原田,栗東牧浦,476,12,ダ,1000,３歳未勝利
2026.1.31,小1,12,シビルガード,,牡,57.0,藤懸,栗東庄野,458,-8,ダ,1000,３歳未勝利
2026.1.31,小1,13,ベアゴーフォー,,牡,54.0,▲水沼,美浦杉浦,462,-6,ダ,1000,３歳未勝利
2026.1.31,小1,14,チュラヴェール,,牝,55.0,丹内,美浦松山,446,0,ダ,1000,３歳未勝利
2026.1.31,小2,1,イルミナジーティー,,牝,55.0,丹内,栗東西園翔,440,6,芝,2000,３歳未勝利
2026.1.31,小2,2,ウインポーシャ,,牝,55.0,横山琉,美浦矢嶋,470,-2,芝,2000,３歳未勝利
2026.1.31,小2,3,ロザーンジュ,,牝,53.0,◇今村,栗東寺島,428,-2,芝,2000,３歳未勝利
2026.1.31,小2,4,クランズクラウン,,牝,55.0,泉谷,栗東杉山晴,508,10,芝,2000,３歳未勝利
2026.1.31,小2,5,ベンティガスエルテ,,牝,55.0,富田,栗東安田,434,-2,芝,2000,３歳未勝利
2026.1.31,小2,6,ウォーターコトノハ,,牝,53.0,△柴田裕,栗東岡田,412,6,芝,2000,３歳未勝利
2026.1.31,小2,7,ノーブルトレジャー,,牝,55.0,国分恭,栗東牧浦,448,6,芝,2000,３歳未勝利
2026.1.31,小2,8,シーズンシート,,牝,55.0,野中,美浦柄崎,408,-4,芝,2000,３歳未勝利
2026.1.31,小2,9,ブライスフェアリー,,牝,52.0,▲遠藤,美浦堀内,420,8,芝,2000,３歳未勝利
2026.1.31,小2,10,ファストフォワード,,牝,55.0,小崎,栗東小林,500,-12,芝,2000,３歳未勝利
2026.1.31,小2,11,フォーチュンライド,,牝,54.0,☆松本,栗東福永,480,0,芝,2000,３歳未勝利
2026.1.31,小2,12,シャローアロス,,牝,52.0,▲田山,栗東安達,442,2,芝,2000,３歳未勝利
2026.1.31,小2,13,トラカイキャッスル,,牝,55.0,菊沢,栗東西村,432,-6,芝,2000,３歳未勝利
2026.1.31,小2,14,カモメガトンダ,,牝,55.0,松若,栗東今野,436,-8,芝,2000,３歳未勝利
2026.1.31,小2,15,トライアンドエラー,,牝,55.0,浜中,栗東加藤公,466,-4,芝,2000,３歳未勝利
2026.1.31,小2,16,カトマンズゴールド,,牝,55.0,藤岡佑,栗東宮本,468,0,芝,2000,３歳未勝利
2026.1.31,小2,17,スピーチバルーン,,牝,55.0,川又,栗東吉村,424,0,芝,2000,３歳未勝利
2026.1.31,小2,18,アズサ,,牝,52.0,▲石神道,美浦和田郎,470,0,芝,2000,３歳未勝利
2026.1.31,小3,1,マーベリックシチー,,牡,58.0,国分恭,栗東岡田,476,8,ダ,1700,４歳以上１勝クラス
2026.1.31,小3,2,マテンロウカナロア,,牡,57.0,富田,栗東野中,490,4,ダ,1700,４歳以上１勝クラス
2026.1.31,小3,3,スマートブル,,牡,55.0,△鷲頭,栗東井上,502,8,ダ,1700,４歳以上１勝クラス
2026.1.31,小3,4,ガウラスパーク,,セ,57.0,☆松本,栗東高柳大,540,-6,ダ,1700,４歳以上１勝クラス
2026.1.31,小3,5,ロードシュヴァリエ,,牡,57.0,中井,栗東森田,508,8,ダ,1700,４歳以上１勝クラス
2026.1.31,小3,6,モレポブラーノ,,牡,57.0,小沢,栗東庄野,546,-14,ダ,1700,４歳以上１勝クラス
2026.1.31,小3,7,ホウオウバローロ,,牡,58.0,斎藤,栗東前川,462,-4,ダ,1700,４歳以上１勝クラス
2026.1.31,小3,8,ワールドシリーズ,,牡,55.0,▲古川奈,栗東秋山,478,10,ダ,1700,４歳以上１勝クラス
2026.1.31,小3,9,マジカルシャイン,,牝,55.0,古川吉,栗東武英,496,-4,ダ,1700,４歳以上１勝クラス
2026.1.31,小3,10,アメリカンチーフ,,牡,58.0,角田和,栗東東田,472,-6,ダ,1700,４歳以上１勝クラス
2026.1.31,小3,11,チャチャピンク,,牡,57.0,亀田,栗東北出,482,2,ダ,1700,４歳以上１勝クラス
2026.1.31,小3,12,デルマサクラサク,,牝,55.0,松若,栗東牧田,482,-2,ダ,1700,４歳以上１勝クラス
2026.1.31,小3,13,ショウナンタハティ,,牡,57.0,浜中,美浦中舘,506,8,ダ,1700,４歳以上１勝クラス
2026.1.31,小3,14,ハイグッドワールド,,牡,56.0,△柴田裕,栗東谷,512,-10,ダ,1700,４歳以上１勝クラス
2026.1.31,小3,15,ブレスドナイル,,牝,52.0,▲田山,栗東茶木,446,-12,ダ,1700,４歳以上１勝クラス
2026.1.31,小3,16,トクシージェネラル,,牡,55.0,▲石田,美浦辻,532,12,ダ,1700,４歳以上１勝クラス
2026.1.31,小4,1,ホークフィールド,,牡,60.0,高田,栗東武英,494,4,障,2860,４歳以上障害ＯＰ(OP)
2026.1.31,小4,2,ルドヴィクス,,牡,60.0,上野,美浦久保田,518,0,障,2860,４歳以上障害ＯＰ(OP)
2026.1.31,小4,3,ウォーターリーダー,,牡,60.0,難波,栗東藤野,452,2,障,2860,４歳以上障害ＯＰ(OP)
2026.1.31,小4,4,サルサロッサ,,牝,58.0,伴,美浦高柳瑞,456,4,障,2860,４歳以上障害ＯＰ(OP)
2026.1.31,小4,5,ヒットアンドロール,,牡,60.0,森一,美浦田中勝,468,2,障,2860,４歳以上障害ＯＰ(OP)
2026.1.31,小4,6,トゥラッタッタ,,牡,60.0,石神深,美浦新開,478,6,障,2860,４歳以上障害ＯＰ(OP)
2026.1.31,小4,7,ロードリベラシオン,,牡,57.0,▲坂口,美浦尾形,512,10,障,2860,４歳以上障害ＯＰ(OP)
2026.1.31,小4,8,ジーティーオウジャ,,セ,57.0,▲水沼,美浦石栗,522,10,障,2860,４歳以上障害ＯＰ(OP)
2026.1.31,小4,9,マイネルメサイア,,牡,60.0,五十嵐,美浦水野,490,4,障,2860,４歳以上障害ＯＰ(OP)
2026.1.31,小4,10,テイエムエメラルド,,牝,58.0,小野寺,栗東小椋,464,4,障,2860,４歳以上障害ＯＰ(OP)
2026.1.31,小4,11,フレッチア,,牡,60.0,草野,美浦木村,496,-4,障,2860,４歳以上障害ＯＰ(OP)
2026.1.31,小4,12,シーク,,セ,59.0,小牧加,栗東角田,536,4,障,2860,４歳以上障害ＯＰ(OP)
2026.1.31,小5,1,アナザーエース,,牡,57.0,▲井上,栗東宮,516,-10,障,2860,４歳以上障害未勝利
2026.1.31,小5,2,ノーマジック,,牝,57.0,小林凌,美浦戸田,,,障,2860,４歳以上障害未勝利
2026.1.31,小5,3,ドーバーホーク,,牡,60.0,上野,美浦清水英,496,4,障,2860,４歳以上障害未勝利
2026.1.31,小5,4,ナムラトロム,,牡,57.0,▲水沼,美浦石栗,472,4,障,2860,４歳以上障害未勝利
2026.1.31,小5,5,モンツァフレイバー,,牡,59.0,草野,美浦久保田,466,2,障,2860,４歳以上障害未勝利
2026.1.31,小5,6,ユースフルネス,,牡,59.0,伴,美浦小野,456,-2,障,2860,４歳以上障害未勝利
2026.1.31,小5,7,ウインシュクラン,,セ,60.0,石神深,美浦和田郎,474,4,障,2860,４歳以上障害未勝利
2026.1.31,小5,8,ベイビーベリッシモ,,牡,59.0,五十嵐,美浦大和田,500,12,障,2860,４歳以上障害未勝利
2026.1.31,小5,9,ルーチェロッサ,,牝,58.0,大江圭,美浦粕谷,476,0,障,2860,４歳以上障害未勝利
2026.1.31,小5,10,レッドラマンシュ,,セ,60.0,小牧加,栗東庄野,476,0,障,2860,４歳以上障害未勝利
2026.1.31,小5,11,アゼム,,牡,59.0,小野寺,栗東坂口,458,4,障,2860,４歳以上障害未勝利
2026.1.31,小6,1,リバージュエル,,牝,53.0,◇今村,美浦高柳瑞,416,-8,芝,1200,３歳未勝利
2026.1.31,小6,2,カシノリアーナ,,牝,52.0,▲橋木,美浦天間,438,-2,芝,1200,３歳未勝利
2026.1.31,小6,3,リネアベルタ,,牝,55.0,斎藤,栗東宮地,414,-8,芝,1200,３歳未勝利
2026.1.31,小6,4,パトリシア,,牝,52.0,▲水沼,美浦杉浦,452,-6,芝,1200,３歳未勝利
2026.1.31,小6,5,ベアコルム,,牝,52.0,▲小林美,栗東小栗,426,-2,芝,1200,３歳未勝利
2026.1.31,小6,6,ウイントッペン,,牡,57.0,泉谷,栗東西園正,476,0,芝,1200,３歳未勝利
2026.1.31,小6,7,レフティサーリ,,牝,51.0,★河原田,栗東西園正,412,-2,芝,1200,３歳未勝利
2026.1.31,小6,8,ニシノメイホウ,,牡,57.0,亀田,栗東北出,400,-2,芝,1200,３歳未勝利
2026.1.31,小6,9,ノブピースオブラブ,,牡,57.0,横山琉,美浦小島,470,4,芝,1200,３歳未勝利
2026.1.31,小6,10,ジュニートワン,,牡,54.0,▲石神道,美浦武井,430,4,芝,1200,３歳未勝利
2026.1.31,小6,11,ディサイドオンミー,,牝,52.0,▲遠藤,美浦堀内,412,-4,芝,1200,３歳未勝利
2026.1.31,小6,12,スッサンエア,,牝,52.0,▲森田,栗東河嶋,428,0,芝,1200,３歳未勝利
2026.1.31,小6,13,アンジェラス,,牝,52.0,▲舟山,美浦上原佑,434,-4,芝,1200,３歳未勝利
2026.1.31,小6,14,ゴールドヴィーナス,,牝,54.0,☆松本,栗東森秀,458,-12,芝,1200,３歳未勝利
2026.1.31,小6,15,コンフィアンサ,,牝,54.0,☆西塚,美浦菊川,438,-2,芝,1200,３歳未勝利
2026.1.31,小6,16,ハナイロマヒナ,,牝,52.0,▲田山,栗東高橋亮,390,-4,芝,1200,３歳未勝利
2026.1.31,小6,17,ララクロシェット,,牝,55.0,秋山稔,栗東井上,448,0,芝,1200,３歳未勝利
2026.1.31,小6,18,ラブソング,,牝,52.0,▲古川奈,美浦尾関,428,-4,芝,1200,３歳未勝利
2026.1.31,小7,1,ウインマニフィーク,,牡,57.0,菊沢,美浦鈴木慎,462,-4,芝,1800,３歳未勝利
2026.1.31,小7,2,カシノサルパーレ,,牝,52.0,▲森田,美浦和田雄,446,-8,芝,1800,３歳未勝利
2026.1.31,小7,3,インフィオラータ,,牝,55.0,丹内,栗東須貝,442,-2,芝,1800,３歳未勝利
2026.1.31,小7,4,ミルトメテオ,,牡,55.0,△柴田裕,栗東中竹,494,-2,芝,1800,３歳未勝利
2026.1.31,小7,5,アイドクレース,,牝,52.0,▲石神道,美浦金成,422,-6,芝,1800,３歳未勝利
2026.1.31,小7,6,バンオンタイム,,牝,52.0,▲舟山,美浦田中博,462,4,芝,1800,３歳未勝利
2026.1.31,小7,7,ショウナンサフィラ,,牡,57.0,横山琉,栗東高橋忠,476,-12,芝,1800,３歳未勝利
2026.1.31,小7,8,エクリュ,,牝,55.0,松若,栗東井上,436,-6,芝,1800,３歳未勝利
2026.1.31,小7,9,アーデルブリックス,,牡,57.0,浜中,栗東坂口,420,-14,芝,1800,３歳未勝利
2026.1.31,小7,10,サリー,,牝,53.0,△鷲頭,栗東前川,396,-4,芝,1800,３歳未勝利
2026.1.31,小7,11,ニシノシャルム,,牝,55.0,野中,美浦栗田,426,-16,芝,1800,３歳未勝利
2026.1.31,小7,12,エコロラヴァー,,牝,54.0,☆西塚,栗東牧浦,462,-2,芝,1800,３歳未勝利
2026.1.31,小7,13,メイショウシュハリ,,牝,55.0,加藤,栗東庄野,454,-8,芝,1800,３歳未勝利
2026.1.31,小7,14,トルークマクト,,牝,55.0,吉田隼,栗東福永,440,-4,芝,1800,３歳未勝利
2026.1.31,小7,15,シャリキモン,,牡,54.0,▲大久保,栗東吉田,434,-4,芝,1800,３歳未勝利
2026.1.31,小7,16,エルアン,,牡,55.0,◇今村,美浦浅利,444,-2,芝,1800,３歳未勝利
2026.1.31,小8,1,セクシーマージュ,,牝,56.0,藤岡佑,栗東小椋,430,10,芝,1200,４歳以上１勝クラス
2026.1.31,小8,2,スマッシュアウト,,牡,55.0,▲舟山,美浦栗田,446,-4,芝,1200,４歳以上１勝クラス
2026.1.31,小8,3,アルマグラース,,牝,56.0,古川吉,美浦水野,438,-22,芝,1200,４歳以上１勝クラス
2026.1.31,小8,4,レッドシュテルン,,セ,58.0,中井,栗東中内田,498,-6,芝,1200,４歳以上１勝クラス
2026.1.31,小8,5,フォティック,,牡,58.0,吉田隼,栗東飯田,476,-8,芝,1200,４歳以上１勝クラス
2026.1.31,小8,6,アルマロクザン,,牝,56.0,小林凌,美浦伊藤伸,482,10,芝,1200,４歳以上１勝クラス
2026.1.31,小8,7,アルシャンティ,,牝,53.0,▲小林美,美浦国枝,428,-5,芝,1200,４歳以上１勝クラス
2026.1.31,小8,8,ブライティアブーケ,,牝,54.0,◇今村,美浦田村,428,2,芝,1200,４歳以上１勝クラス
2026.1.31,小8,9,ニシノアヤカゼ,,牝,56.0,野中,美浦鈴木伸,478,10,芝,1200,４歳以上１勝クラス
2026.1.31,小8,10,グランルーチェ,,セ,58.0,藤懸,栗東庄野,486,4,芝,1200,４歳以上１勝クラス
2026.1.31,小8,11,キョラムン,,牝,53.0,▲森田,栗東石橋,466,4,芝,1200,４歳以上１勝クラス
2026.1.31,小8,12,ラブディーヴァ,,牝,53.0,▲石田,美浦田中勝,450,-14,芝,1200,４歳以上１勝クラス
2026.1.31,小8,13,レッドカメリア,,牝,56.0,嶋田,美浦佐藤吉,466,6,芝,1200,４歳以上１勝クラス
2026.1.31,小8,14,モズリバーシャトー,,牝,56.0,荻野琢,栗東平田,462,-6,芝,1200,４歳以上１勝クラス
2026.1.31,小8,15,ラブカムーン,,牝,52.0,★河原田,栗東千田,472,0,芝,1200,４歳以上１勝クラス
2026.1.31,小8,16,ブラックティンカー,,牝,56.0,秋山稔,美浦粕谷,454,-29,芝,1200,４歳以上１勝クラス
2026.1.31,小8,17,ピアストイヤーズ,,牡,58.0,小崎,栗東小崎,460,8,芝,1200,４歳以上１勝クラス
2026.1.31,小8,18,ペイシャアーサー,,牡,58.0,丹内,美浦本間,460,6,芝,1200,４歳以上１勝クラス
2026.1.31,小9,1,ミルフルール,,牝,56.0,斎藤,美浦伊坂,486,10,ダ,1000,有田特別(2勝クラス)
2026.1.31,小9,2,タミゼ,,牝,56.0,和田陽,栗東平田,476,4,ダ,1000,有田特別(2勝クラス)
2026.1.31,小9,3,ハニーローリエ,,牝,56.0,丹内,美浦小手川,474,-4,ダ,1000,有田特別(2勝クラス)
2026.1.31,小9,4,アネモス,,牝,56.0,秋山稔,栗東北出,502,0,ダ,1000,有田特別(2勝クラス)
2026.1.31,小9,5,リクエイ,,牝,56.0,長岡,美浦竹内,430,10,ダ,1000,有田特別(2勝クラス)
2026.1.31,小9,6,ミッキーマカパ,,牡,58.0,舟山,美浦田中博,528,8,ダ,1000,有田特別(2勝クラス)
2026.1.31,小9,7,ララアヴリル,,セ,58.0,藤岡佑,栗東斉藤崇,480,6,ダ,1000,有田特別(2勝クラス)
2026.1.31,小9,8,ジョヴィアン,,牡,58.0,浜中,栗東井上,516,0,ダ,1000,有田特別(2勝クラス)
2026.1.31,小9,9,スノーサイレンス,,牝,56.0,鮫島駿,栗東小栗,458,-6,ダ,1000,有田特別(2勝クラス)
2026.1.31,小9,10,フレッシュラン,,牝,56.0,吉田隼,美浦尾形,478,12,ダ,1000,有田特別(2勝クラス)
2026.1.31,小9,11,タイセイアレス,,牡,58.0,菊沢,栗東西村,490,0,ダ,1000,有田特別(2勝クラス)
2026.1.31,小9,12,パールフロント,,牝,56.0,川又,栗東寺島,540,8,ダ,1000,有田特別(2勝クラス)
2026.1.31,小9,13,ボルセーナ,,牝,56.0,小沢,栗東奥村豊,456,-12,ダ,1000,有田特別(2勝クラス)
2026.1.31,小9,14,ペイシャヴァルツー,,牝,56.0,松本,栗東吉田,434,-16,ダ,1000,有田特別(2勝クラス)
2026.1.31,小10,1,サイモンコーラル,,牝,56.0,柴田裕,栗東羽月,470,0,ダ,1700,平尾台特別(2勝クラス)
2026.1.31,小10,2,オカメノコイ,,牝,55.0,丸山,美浦小笠,470,-4,ダ,1700,平尾台特別(2勝クラス)
2026.1.31,小10,3,タマモナポリ,,牝,56.0,荻野琢,栗東河嶋,458,-12,ダ,1700,平尾台特別(2勝クラス)
2026.1.31,小10,4,ナリタヒカリ,,牝,55.0,国分恭,栗東荒川,428,-10,ダ,1700,平尾台特別(2勝クラス)
2026.1.31,小10,5,ステアハート,,牝,55.0,田山,栗東新谷,482,4,ダ,1700,平尾台特別(2勝クラス)
2026.1.31,小10,6,ステラスプレンダー,,牝,56.0,小沢,栗東石坂,452,0,ダ,1700,平尾台特別(2勝クラス)
2026.1.31,小10,7,スマートプレシャス,,牝,56.0,松若,栗東中村,516,-12,ダ,1700,平尾台特別(2勝クラス)
2026.1.31,小10,8,エルフストラック,,牝,56.0,丹内,栗東中村,488,-4,ダ,1700,平尾台特別(2勝クラス)
2026.1.31,小10,9,レディゴディヴァ,,牝,55.0,鮫島駿,栗東小崎,434,-4,ダ,1700,平尾台特別(2勝クラス)
2026.1.31,小10,10,レーヴドレフォン,,牝,56.0,吉田隼人,栗東矢作,478,-2,ダ,1700,平尾台特別(2勝クラス)
2026.1.31,小10,11,ヴィリアリート,,牝,55.0,浜中,栗東西村,530,-18,ダ,1700,平尾台特別(2勝クラス)
2026.1.31,小10,12,コスモマルーン,,牝,56.0,菊沢,美浦土田,472,-2,ダ,1700,平尾台特別(2勝クラス)
2026.1.31,小10,13,プウスカンドゥール,,牝,56.0,中井,栗東坂口,462,2,ダ,1700,平尾台特別(2勝クラス)
2026.1.31,小10,14,ユウェンタース,,牝,55.0,西塚,栗東宮,476,-10,ダ,1700,平尾台特別(2勝クラス)
2026.1.31,小10,15,ブルーペクトライト,,牝,56.0,鷲頭,栗東宮地,494,4,ダ,1700,平尾台特別(2勝クラス)
2026.1.31,小10,16,ドゥラリス,,牝,55.0,斎藤,栗東吉岡,526,0,ダ,1700,平尾台特別(2勝クラス)
2026.1.31,小11,1,メイショウピース,,牝,54.0,丸山,栗東高橋亮,472,-14,芝,1200,巌流島Ｓ(3勝クラス)
2026.1.31,小11,2,ポエットリー,,牝,54.0,鮫島駿,栗東平田,474,-2,芝,1200,巌流島Ｓ(3勝クラス)
2026.1.31,小11,3,デイトナモード,,牡,54.0,小崎,栗東千田,544,4,芝,1200,巌流島Ｓ(3勝クラス)
2026.1.31,小11,4,ハートホイップ,,牝,53.0,横山琉,美浦蛯名利,494,4,芝,1200,巌流島Ｓ(3勝クラス)
2026.1.31,小11,5,ロードトレイル,,牡,56.0,浜中,栗東藤岡,486,4,芝,1200,巌流島Ｓ(3勝クラス)
2026.1.31,小11,6,レッドエヴァンス,,セ,56.0,斎藤,栗東東田,494,0,芝,1200,巌流島Ｓ(3勝クラス)
2026.1.31,小11,7,トーラスシャイン,,牡,55.0,松本,栗東田中克,478,0,芝,1200,巌流島Ｓ(3勝クラス)
2026.1.31,小11,8,ベイビーキッス,,牝,55.0,菊沢,美浦青木,458,6,芝,1200,巌流島Ｓ(3勝クラス)
2026.1.31,小11,9,ミルテンベルク,,牡,57.0,亀田,栗東武英,492,6,芝,1200,巌流島Ｓ(3勝クラス)
2026.1.31,小11,10,トールキン,,牡,56.0,古川吉,栗東西園正,500,2,芝,1200,巌流島Ｓ(3勝クラス)
2026.1.31,小11,11,ロードマイライフ,,牡,55.0,西塚,栗東佐藤悠,506,0,芝,1200,巌流島Ｓ(3勝クラス)
2026.1.31,小11,12,スコーピオン,,牡,56.0,角田和,美浦武藤,488,-2,芝,1200,巌流島Ｓ(3勝クラス)
2026.1.31,小11,13,パクスロマーナ,,牝,55.0,小沢,栗東加藤公,448,4,芝,1200,巌流島Ｓ(3勝クラス)
2026.1.31,小11,14,ナムラローズマリー,,牝,54.0,藤懸,栗東羽月,462,2,芝,1200,巌流島Ｓ(3勝クラス)
2026.1.31,小11,15,ルーフ,,牝,54.0,松若,栗東清水久,500,-4,芝,1200,巌流島Ｓ(3勝クラス)
2026.1.31,小11,16,エスペシャリー,,牝,54.0,富田,栗東四位,440,-2,芝,1200,巌流島Ｓ(3勝クラス)
2026.1.31,小11,17,ゴールドサーベル,,牡,55.0,荻野琢,栗東大久保,474,4,芝,1200,巌流島Ｓ(3勝クラス)
2026.1.31,小11,18,ブラックケリー,,牝,54.0,丹内,栗東長谷川,432,0,芝,1200,巌流島Ｓ(3勝クラス)
2026.1.31,小12,1,イリスレーン,,牝,52.0,★河原田,栗東清水久,484,-6,芝,2000,４歳以上１勝クラス
2026.1.31,小12,2,アルディスティーノ,,牝,55.0,横山琉,栗東安田,480,4,芝,2000,４歳以上１勝クラス
2026.1.31,小12,3,マイネルビスマルク,,牡,57.0,加藤,栗東梅田,500,8,芝,2000,４歳以上１勝クラス
2026.1.31,小12,4,マイネルゼウス,,牡,57.0,丹内,美浦奥村武,430,0,芝,2000,４歳以上１勝クラス
2026.1.31,小12,5,デビューフライト,,牝,52.0,▲石田,美浦小島,432,-2,芝,2000,４歳以上１勝クラス
2026.1.31,小12,6,フララナキラ,,牡,54.0,▲田山,栗東田中克,444,0,芝,2000,４歳以上１勝クラス
2026.1.31,小12,7,ウインイルネージュ,,牝,55.0,黛,美浦和田郎,426,-2,芝,2000,４歳以上１勝クラス
2026.1.31,小12,8,アクイローネ,,牡,58.0,菊沢,美浦小野,422,4,芝,2000,４歳以上１勝クラス
2026.1.31,小12,9,メイショウアイル,,牡,57.0,秋山稔,栗東高橋忠,478,8,芝,2000,４歳以上１勝クラス
2026.1.31,小12,10,エンスエーニョ,,牝,55.0,斎藤,栗東佐藤悠,522,-8,芝,2000,４歳以上１勝クラス
2026.1.31,小12,11,ダノンアトラス,,牡,55.0,▲舟山,栗東橋口,406,-2,芝,2000,４歳以上１勝クラス
2026.1.31,小12,12,マーゴットコマチ,,牝,52.0,森田誠也,美浦伊坂,420,6,芝,2000,４歳以上１勝クラス
2026.1.31,小12,13,フェアリーグレン,,牝,54.0,☆松本,栗東吉田,412,4,芝,2000,４歳以上１勝クラス
2026.1.31,小12,14,ゼンノインヴォーク,,セ,58.0,浜中,栗東緒方,440,-8,芝,2000,４歳以上１勝クラス
2026.1.31,小12,15,エンジェルマーク,,牝,55.0,丸山,美浦宮田,462,-4,芝,2000,４歳以上１勝クラス
2026.1.31,小12,16,バズアップビート,,セ,57.0,鮫島駿,栗東武幸,502,-10,芝,2000,４歳以上１勝クラス
